사용년월,insum0,insum1,insum2,insum3,insum4,insum5,insum6,insum7,insum8,insum9,insum10,insum11,insum12,insum13,insum14,insum15,insum16,insum17,insum18,insum19,insum20,insum21,insum22,insum23,outsum0,outsum1,outsum2,outsum3,outsum4,outsum5,outsum6,outsum7,outsum8,outsum9,outsum10,outsum11,outsum12,outsum13,outsum14,outsum15,outsum16,outsum17,outsum18,outsum19,outsum20,outsum21,outsum22,outsum23,diff0,diff1,diff2,diff3,diff4,diff5,diff6,diff7,diff8,diff9,diff10,diff11,diff12,diff13,diff14,diff15,diff16,diff17,diff18,diff19,diff20,diff21,diff22,diff23
201901,3,0,0,0,0,37,212,393,437,255,214,187,201,188,186,150,183,111,125,77,92,60,47,22,134,0,0,0,0,20,50,50,125,126,142,198,266,285,328,422,461,566,770,839,662,519,558,455,131,0,0,0,0,-17,-162,-343,-312,-129,-72,11,65,97,142,272,278,455,645,762,570,459,511,433
201902,4,0,0,0,0,7,191,339,489,193,177,160,174,186,177,150,165,160,148,75,59,50,56,28,109,0,0,0,0,20,53,38,115,133,137,166,252,291,284,358,437,478,629,722,528,452,481,380,105,0,0,0,0,13,-138,-301,-374,-60,-40,6,78,105,107,208,272,318,481,647,469,402,425,352
201903,8,0,0,0,0,15,265,598,780,255,221,184,180,155,193,153,214,223,172,71,63,62,66,38,129,0,0,0,0,18,65,48,106,133,153,167,225,261,292,440,568,574,746,823,568,552,627,392,121,0,0,0,0,3,-200,-550,-674,-122,-68,-17,45,106,99,287,354,351,574,752,505,490,561,354
201904,8,0,0,0,0,28,251,612,751,257,158,141,152,145,195,159,167,172,110,109,70,61,71,20,133,0,0,0,0,18,68,44,108,120,158,173,257,267,336,389,533,534,687,818,631,531,540,391,125,0,0,0,0,-10,-183,-568,-643,-137,0,32,105,122,141,230,366,362,577,709,561,470,469,371
201905,7,0,0,0,0,10,266,611,607,269,177,174,231,199,148,149,192,172,135,87,76,60,56,23,152,0,0,0,0,14,72,56,139,113,168,206,275,290,301,364,524,529,697,815,587,561,638,426,145,0,0,0,0,4,-194,-555,-468,-156,-9,32,44,91,153,215,332,357,562,728,511,501,582,403
201906,3,0,0,0,0,26,206,513,586,263,255,211,127,119,167,138,174,170,137,100,72,47,54,28,101,0,0,0,0,9,31,57,111,120,160,184,253,260,287,410,485,514,613,721,571,482,513,403,98,0,0,0,0,-17,-175,-456,-475,-143,-95,-27,126,141,120,272,311,344,476,621,499,435,459,375
201907,5,0,0,0,0,47,209,613,736,322,154,166,182,182,198,167,225,167,152,100,65,50,41,15,102,0,0,0,0,14,51,58,134,119,162,206,306,313,344,405,505,569,704,813,576,573,540,347,97,0,0,0,0,-33,-158,-555,-602,-203,8,40,124,131,146,238,280,402,552,713,511,523,499,332
201908,6,0,0,0,0,63,276,499,476,237,189,194,185,165,159,181,155,139,145,79,75,35,45,24,100,0,0,0,0,21,46,39,139,106,163,218,300,317,334,398,476,555,712,814,595,484,521,383,94,0,0,0,0,-42,-230,-460,-337,-131,-26,24,115,152,175,217,321,416,567,735,520,449,476,359
201909,2,0,0,0,0,39,181,574,630,229,178,145,138,179,161,128,192,169,135,102,87,63,36,23,102,0,0,0,0,20,51,49,122,99,160,200,222,278,325,370,486,491,617,779,498,474,490,322,100,0,0,0,0,-19,-130,-525,-508,-130,-18,55,84,99,164,242,294,322,482,677,411,411,454,299
201910,5,0,0,0,0,41,176,606,693,234,197,197,161,173,154,164,200,178,184,108,72,39,56,29,127,0,0,0,0,15,51,50,125,111,140,179,256,258,315,437,498,531,708,775,559,543,507,368,122,0,0,0,0,-26,-125,-556,-568,-123,-57,-18,95,85,161,273,298,353,524,667,487,504,451,339
201911,6,0,0,0,0,24,164,553,803,279,207,194,190,180,118,151,195,168,198,113,77,51,66,22,151,0,0,0,0,10,42,39,111,91,134,197,292,301,315,417,444,595,700,828,564,528,501,431,145,0,0,0,0,-14,-122,-514,-692,-188,-73,3,102,121,197,266,249,427,502,715,487,477,435,409
201912,3,0,0,0,0,22,146,482,835,243,198,155,188,179,210,163,207,183,159,94,87,59,62,33,177,0,0,0,0,12,38,43,102,100,140,206,275,286,339,398,552,574,769,753,605,598,641,423,174,0,0,0,0,-10,-108,-439,-733,-143,-58,51,87,107,129,235,345,391,610,659,518,539,579,390
202001,5,0,0,0,0,19,106,339,417,216,201,186,167,168,190,146,137,180,147,99,96,88,33,13,94,0,0,0,0,12,46,60,127,105,144,183,234,263,318,346,470,521,669,814,640,518,484,332,89,0,0,0,0,-7,-60,-279,-290,-111,-57,-3,67,95,128,200,333,341,522,715,544,430,451,319
202002,3,0,0,0,0,27,146,379,424,154,155,123,162,141,162,120,105,164,129,115,56,45,48,20,87,0,0,0,0,4,42,45,125,78,120,174,220,216,267,319,378,483,653,736,460,359,425,343,84,0,0,0,0,-23,-104,-334,-299,-76,-35,51,58,75,105,199,273,319,524,621,404,314,377,323
202003,6,0,0,0,0,16,142,349,331,121,90,79,115,115,117,122,89,128,79,63,67,53,61,17,64,0,0,0,0,7,27,33,125,62,107,163,157,178,184,253,317,387,502,605,386,320,404,222,58,0,0,0,0,-9,-115,-316,-206,-59,17,84,42,63,67,131,228,259,423,542,319,267,343,205
202004,5,0,0,0,0,8,104,353,271,131,100,120,136,147,117,106,135,114,104,66,66,60,47,15,59,0,0,0,0,10,29,38,100,45,128,175,212,201,240,276,331,422,536,611,442,333,351,271,54,0,0,0,0,2,-75,-315,-171,-86,28,55,76,54,123,170,196,308,432,545,376,273,304,256
202005,5,0,0,0,0,19,123,359,284,161,145,126,170,119,125,143,175,119,117,92,66,73,45,12,66,0,0,0,0,17,32,33,135,63,147,182,228,217,241,315,394,406,546,596,487,384,344,300,61,0,0,0,0,-2,-91,-326,-149,-98,2,56,58,98,116,172,219,287,429,504,421,311,299,288
202006,5,0,0,0,0,8,147,561,457,189,144,138,153,134,140,145,163,138,108,67,52,62,41,20,55,0,0,0,0,14,28,54,155,100,149,203,270,210,263,322,398,429,570,666,503,366,341,300,50,0,0,0,0,6,-119,-507,-302,-89,5,65,117,76,123,177,235,291,462,599,451,304,300,280
202007,4,0,0,0,0,29,169,625,507,171,120,138,203,171,168,167,164,152,115,89,47,54,53,25,73,0,0,0,0,12,40,65,144,82,139,194,283,246,267,314,454,537,671,653,542,448,422,327,69,0,0,0,0,-17,-129,-560,-363,-89,19,56,80,75,99,147,290,385,556,564,495,394,369,302
202008,1,0,0,0,0,48,189,354,241,147,125,84,122,130,123,125,113,113,95,91,56,38,52,14,68,0,0,0,0,13,35,39,103,97,142,182,254,206,256,291,366,443,570,615,389,343,311,290,67,0,0,0,0,-35,-154,-315,-138,-50,17,98,132,76,133,166,253,330,475,524,333,305,259,276
202009,0,0,0,0,0,40,118,471,299,114,115,103,97,122,111,139,105,109,99,75,48,31,64,17,42,0,0,0,0,11,19,49,107,74,123,157,242,216,230,333,367,442,544,619,404,354,291,194,42,0,0,0,0,-29,-99,-422,-192,-40,8,54,145,94,119,194,262,333,445,544,356,323,227,177
202010,9,0,0,0,0,38,124,465,409,143,148,126,151,140,129,139,153,132,79,89,58,40,40,11,72,0,0,0,0,7,25,40,117,90,108,155,230,186,239,314,419,439,577,642,395,360,389,236,63,0,0,0,0,-31,-99,-425,-292,-53,-40,29,79,46,110,175,266,307,498,553,337,320,349,225
202011,6,0,0,0,0,25,163,492,537,168,110,146,127,145,115,139,164,128,96,76,45,39,59,20,57,0,0,0,0,9,27,47,121,75,98,184,252,263,227,316,362,476,594,616,457,424,386,212,51,0,0,0,0,-16,-136,-445,-416,-93,-12,38,125,118,112,177,198,348,498,540,412,385,327,192
202012,6,0,0,0,0,31,175,339,215,182,149,99,103,90,95,107,148,93,49,62,59,43,42,10,26,0,0,0,0,3,28,36,83,102,103,146,216,200,225,326,356,432,589,648,392,455,237,82,20,0,0,0,0,-28,-147,-303,-132,-80,-46,47,113,110,130,219,208,339,540,586,333,412,195,72
202101,10,0,0,0,0,35,149,265,269,100,96,98,111,104,76,126,119,131,114,76,55,29,21,10,24,0,0,0,0,3,16,35,99,79,126,125,210,200,230,282,348,392,582,669,369,471,241,75,14,0,0,0,0,-32,-133,-230,-170,-21,30,27,99,96,154,156,229,261,468,593,314,442,220,65
202102,9,0,0,0,0,26,120,305,295,142,137,117,144,144,135,122,150,141,88,72,58,38,27,22,24,0,0,0,0,4,4,24,91,83,114,177,216,199,213,276,360,412,502,597,408,424,299,117,15,0,0,0,0,-22,-116,-281,-204,-59,-23,60,72,55,78,154,210,271,414,525,350,386,272,95
